dataset_name,model,accuracy,f1_score,precision,recall,correct_answers,total_questions,avg_confidence,confidence_weighted_accuracy,class_precision,class_recall,class_f1,answer_distribution
Secqa V2,OpenAI: GPT-4o-mini,97.0,0.9714667424991807,0.9730113636363636,0.9707714627069466,97,100,0.9484999999999999,93.99051133368475,"{""A"": 1.0, ""B"": 0.9375, ""C"": 1.0, ""D"": 0.9545454545454546}","{""A"": 0.9523809523809523, ""B"": 0.967741935483871, ""C"": 0.9629629629629629, ""D"": 1.0}","{""A"": 0.975609756097561, ""B"": 0.9523809523809523, ""C"": 0.9811320754716981, ""D"": 0.9767441860465116}","{""D"": 22, ""B"": 32, ""C"": 26, ""A"": 20}"
Secqa V2,Google: Gemini Flash 2.0,98.0,0.9794100029949087,0.9802827380952381,0.9788359788359788,98,100,0.9869000000000001,96.14955922585875,"{""A"": 0.9523809523809523, ""B"": 0.96875, ""C"": 1.0, ""D"": 1.0}","{""A"": 0.9523809523809523, ""B"": 1.0, ""C"": 0.9629629629629629, ""D"": 1.0}","{""A"": 0.9523809523809523, ""B"": 0.9841269841269841, ""C"": 0.9811320754716981, ""D"": 1.0}","{""D"": 21, ""B"": 32, ""C"": 26, ""A"": 21}"
Secqa V2,Mistral: Mixtral 8x7B (base),56.25,0.5173992673992673,0.5583333333333333,0.5597222222222222,18,100,0.6334375,15.145535273803656,"{""A"": 0.4, ""B"": 0.6666666666666666, ""C"": 0.5, ""D"": 0.6666666666666666}","{""A"": 0.4, ""B"": 0.2, ""C"": 0.75, ""D"": 0.8888888888888888}","{""A"": 0.4, ""B"": 0.3076923076923077, ""C"": 0.6, ""D"": 0.7619047619047619}","{""X"": 68, ""C"": 12, ""D"": 12, ""B"": 3, ""A"": 5}"
Secqa V2,Meta: Llama 3.3 70B Instruct,97.0,0.9714667424991807,0.9730113636363636,0.9707714627069466,97,100,0.9525,94.3307086614173,"{""A"": 1.0, ""B"": 0.9375, ""C"": 1.0, ""D"": 0.9545454545454546}","{""A"": 0.9523809523809523, ""B"": 0.967741935483871, ""C"": 0.9629629629629629, ""D"": 1.0}","{""A"": 0.975609756097561, ""B"": 0.9523809523809523, ""C"": 0.9811320754716981, ""D"": 0.9767441860465116}","{""D"": 22, ""B"": 32, ""C"": 26, ""A"": 20}"
